[
	{ 
		"Дата": 17, "Офіційний курс гривні, грн": 27.12
	},{
		"Дата" :18, "Офіційний курс гривні, грн": 28.55
	},{ 
		"Дата": 19, "Офіційний курс гривні, грн": 30.72
	},{
		"Дата": 20, "Офіційний курс гривні, грн": 33.43
	},{ 
		"Дата": 21, "Офіційний курс гривні, грн": 31.12
	},{
		"Дата": 22, "Офіційний курс гривні, грн": 29.22
	},{ 
		"Дата": 23, "Офіційний курс гривні, грн": 25.12
	},{
		"Дата": 24 ,"Офіційний курс гривні, грн": 23.88
	},{ 
		"Дата": 25, "Офіційний курс гривні, грн": 24.76
	},{
		"Дата": 26, "Офіційний курс гривні, грн": 24.22
	}
]